id,eng_track_title
0,Intro: 2 Cool 4 Skool (ft. DJ Friz)
1,We Are Bulletproof Pt.2
2,Skit: Circle Room Talk
3,No More Dream
4,Interlude
5,I Like It
6,Outro: Circle Room Cypher
7,Skit: On The Start Line
8,Road/Path
9,"Intro: O!RUL8,2? "
10,N.O
11,We On
12,Skit: R U Happy Now?
13,If I Ruled the World
14,Coffee
15,BTS Cypher Pt.1
16,Attack on Bangtan/The Rise of Bangtan
17,Paldogangsan (Satoori Rap) 
18,OUTRO: LUV IN SKOOL
19,Intro: Skool Luv Affair 
20,Boy in Luv
21,Skit: Soulmate
22,Where Did You Come From
23,Just One Day
24,Tomorrow 
25,BTS Cypher PT. 2 : Triptych 
26,Spine Breaker
27,JUMP
28,Outro: Propose 
29,Miss Right 
30,I Like It (Slow Jam Remix) 
31,Intro: Skool Luv Affair 
32,Boy in Luv
33,Skit: Soulmate
34,Where Did You Come From
35,Just One Day
36,Tomorrow 
37,BTS Cypher PT. 2 : Triptych 
38,Spine Breaker
39,JUMP
40,Outro: Propose 
41,Intro: What Am I to You? 
42,Danger 
43,War of Hormone 
44,Hip Hop Lover/Phile 
45,Let Me Know 
46,Rain 
47,Cypher Pt. 3: Killer  (Ft._Supreme_Boi)
48,Interlude: What Are You Doing Now 
49,Could You Turn Off Your Cell Phone? 
50,Blanket Kick/Embarrassed 
51,24/7=Heaven 
52,Look Here 
53,Second Grade/So 4 More 
54,Outro: Do You Think It Makes Sense? 
55,Intro: The Most Beautiful Moment In Life
56,I NEED U 
57,Hold Me Tight
58,Skit: Expectation!
59,DOPE
60,Boyz With Fun
61,Converse High 
62,Moving On
63,Outro: Love is Not Over 
64,INTRO : Never Mind 
65,Run 
66,Butterfly 
67,Whalien 52 
68,Ma City 
69,Silver Spoon/Baepsae
70,Skit: One Night in a Strange City 
71,Autumn Leaves/Dead Leaves
72,Outro: House of Cards 
73,Intro: The Most Beautiful Moment In Life
74,I NEED U 
75,Hold Me Tight
76,Autumn Leaves/Dead Leaves
77,DOPE
78,Butterfly (Prologue Mix) 
79,Run 
80,Ma City 
81,Silver Spoon/Baepsae
82,Fire
83,Save Me
84,Epilogue: Young Forever 
85,Converse High 
86,Moving On
87,Whalien 52 
88,Butterfly 
89,House of Cards (Full Length Edition) 
90,Love is Not Over (Full Length Edition) 
91,I NEED U (Urban Mix) 
92,I NEED U (Remix) 
93,Run (Ballad Mix) 
94,Run (Alternative Mix) 
95,Butterfly (Alternative Mix) 
96,Intro: Boy Meets Evil 
97,"Blood, Sweat & Tears "
98,Begin 
99,Lie 
100,Stigma 
101,First Love 
102,Reflection 
103,MAMA 
104,Awake 
105,Lost 
106,BTS Cypher 4 
107,Am I Wrong 
108,21st Century Girl
109,2! 3! (Still Wishing For More Good Days)
110,Interlude: Wings 
111,Intro: Boy Meets Evil 
112,"Blood, Sweat & Tears "
113,Begin 
114,Lie 
115,Stigma 
116,First Love 
117,Reflection 
118,MAMA 
119,Awake 
120,Lost 
121,BTS Cypher 4 
122,Am I Wrong 
123,21st Century Girl
124,2! 3! (Still Wishing For More Good Days)
125,Spring Day
126,Not Today 
127,Outro: Wings 
128,A Supplementary Story: You Never Walk Alone 
129,Intro: Serendipity
130,DNA 
131,Best of Me 
132,Dimple
133,Pied Piper 
134,Skit: Billboard Music Awards Speech
135,MIC Drop 
136,Go Go
137,Outro: Her
138,Skit: Hesitation and Fear
139,Sea
140,Intro: Singularity 
141,Fake Love 
142,The Truth Untold
143,134340
144,Paradise
145,Love Maze 
146,Magic Shop 
147,Airplane pt.2 
148,Anpanman 
149,So What 
150,Outro: Tear 
151,Love Yourself: Answer Notes
152,Euphoria 
153,Trivia: Just Dance 
154,Serendipity (Full Length Edition) 
155,DNA 
156,Dimple
157,Trivia: Love 
158,Her 
159,Singularity 
160,Fake Love 
161,The Truth Untold
162,Trivia: Seesaw 
163,Tear
164,Epiphany
165,I'm Fine 
166,IDOL
167,Answer: Love Myself 
168,Magic Shop 
169,Best of Me 
170,Airplane pt.2 
171,Go Go
172,Anpanman 
173,MIC Drop 
174,DNA (Pedal 2 LA Mix) 
175,FAKE LOVE (Rocking Vibe Mix) 
176,MIC Drop (Steve Aoki Remix) 
177,IDOL (Remix) ft. Nicki Minaj 
178,Intro: Persona 
179,Boy With Luv ft. Halsey 
180,Mikrokosmos
181,Make It Right 
182,HOME 
183,Jamais Vu 
184,Dionysus 
185,__hanks To_ Notes
186,Intro: Persona 
187,Boy With Luv ft. Halsey 
188,Make It Right 
189,Jamais Vu 
190,Interlude: Shadow 
191,Dionysus 
192,Black Swan 
193,Filter 
194,My Time
195,Louder than bombs 
196,ON 
197,UGH!
198,00:00 (Zero O'Clock) 
199,Inner Child 
200,Friends
201,Moon 
202,Respect 
203,We Are Bulletproof: The Eternal 
204,Outro: Ego 
205,ON (Remix) ft. Sia 
206,Dynamite
207,Dynamite (Instrumental)
208,Dynamite (Acoustic Remix)
209,Dynamite (EDM Remix)
210,Dynamite (Tropical Remix)
211,Dynamite (Poolside Remix)
212,Dynamite
213,Dynamite (Instrumental)
214,Dynamite (Slow Jam Remix)
215,Dynamite (Midnight Remix)
216,Dynamite (Retro Remix)
217,Dynamite (Bedroom Remix)
218,Life Goes On 
219,Fly To My Room
220,Blue & Grey 
221,Skit
222,Telepathy
223,Dis-ease
224,Stay
225,Dynamite
226,Butter
227,Butter (Hotter Remix)
228,Butter (Sweeter Remix)
229,Butter (Cooler Remix)
230,Butter (Instrumental)